[
  {
    "name": "Ibu Pejabat Polis Daerah Batu Pahat",
    "address": "Ibupejabat Polis Daerah, Batu Pahat, Polis Diraja Malaysia",
    "postcode": "83000",
    "city": "Batu Pahat",
    "state": "Johor"
  },
  {
    "name": "Ibu Pejabat Polis Daerah Iskandar Puteri",
    "address": "Ibu Pejabat Polis Iskandar Puteri, No.187, Jalan Bestari 2/5, Taman Nusa Bestari",
    "postcode": "81300",
    "city": "Skudai",
    "state": "Johor"
  },
  {
    "name": "Ibu Pejabat Polis Daerah Johor Bahru (Selatan)",
    "address": "Ibu Pejabat Polis Daerah Johor Bahru (Selatan), Polis Diraja Malaysia, JKR No.489, Jalan Meldrum",
    "postcode": "80000",
    "city": "Johor Bahru",
    "state": "Johor"
  },
  {
    "name": "Ibu Pejabat Polis Daerah Johor Bahru (Utara)",
    "address": "Ibu Pejabat Polis Daerah Johor Bahru Utara, Polis Diraja Malaysia",
    "postcode": "81300",
    "city": "Skudai",
    "state": "Johor"
  },
  {
    "name": "Ibu Pejabat Polis Daerah Kluang",
    "address": "Ibupejabat Polis Daerah Kluang, Polis Diraja Malaysia",
    "postcode": "86000",
    "city": "Kluang",
    "state": "Johor"
  },
  {
    "name": "Ibu Pejabat Polis Daerah Kota Tinggi",
    "address": "Ibupejabat Polis Daerah Kota Tinggi, Polis Diraja Malaysia, Jalan Sg. Siput, Kota Kechil",
    "postcode": "81900",
    "city": "Kota Tinggi",
    "state": "Johor"
  },
  {
    "name": "Ibu Pejabat Polis Daerah Kulai",
    "address": "Ibu Pejabat Polis Daerah Kulai, Polis Diraja Malaysia, Jalan Persiaran Indahpura 4",
    "postcode": "81000",
    "city": "Kulai",
    "state": "Johor"
  },
  {
    "name": "Ibu Pejabat Polis Daerah Mersing",
    "address": "Ibupejabat Polis Daerah Mersing, Polis Diraja Malaysia, Jalan Sultanah",
    "postcode": "86800",
    "city": "Mersing",
    "state": "Johor"
  },
  {
    "name": "Ibu Pejabat Polis Daerah Muar",
    "address": "Ibupejabat Polis Daerah Muar, Polis Diraja Malaysia, Jalan Mariam",
    "postcode": "84000",
    "city": "Muar",
    "state": "Johor"
  },
  {
    "name": "Ibu Pejabat Polis Daerah Pontian",
    "address": "Ibupejabat Polis Daerah Pontian, Polis Diraja Malaysia, Jalan Sekolah Arab",
    "postcode": "82000",
    "city": "Pontian",
    "state": "Johor"
  },
  {
    "name": "Ibu Pejabat Polis Daerah Segamat",
    "address": "Ibupejabat Polis Daerah Segamat, Polis Diraja Malaysia, JKR 90, Jalan Ibrahim",
    "postcode": "85000",
    "city": "Segamat",
    "state": "Johor"
  },
  {
    "name": "Ibu Pejabat Polis Daerah Seri Alam",
    "address": "Ibu Pejabat Polis Daerah Seri Alam, Polis Diraja Malaysia, No. 5, Jalan Lembah, Bandar Seri Alam",
    "postcode": "81750",
    "city": "Masai",
    "state": "Johor"
  },
  {
    "name": "Ibu Pejabat Polis Daerah Tangkak",
    "address": "Ibupejabat Polis Daerah Tangkak, Polis Diraja Malaysia, Jalan Paya Mas",
    "postcode": "84900",
    "city": "Tangkak",
    "state": "Johor"
  },
  {
    "name": "Ibu Pejabat Polis Daerah Baling",
    "address": "Ibu Pejabat Polis Daerah Baling, Polis Diraja Malaysia, Jalan Chanuk Nau",
    "postcode": "09100",
    "city": "Baling",
    "state": "Kedah"
  },
  {
    "name": "Ibu Pejabat Polis Daerah Bandar Baru",
    "address": "Ibu Pejabat Polis Daerah Bandar Baru, Polis Diraja Malaysia Jalan Selama",
    "postcode": "09800",
    "city": "Serdang",
    "state": "Kedah"
  },
  {
    "name": "Ibu Pejabat Polis Daerah Kota Setar",
    "address": "Ibu Pejabat Polis Daerah Kota Setar, Polis Diraja Malaysia, Jalan Raja",
    "postcode": "05560",
    "city": "Alor Setar",
    "state": "Kedah"
  },
  {
    "name": "Ibu Pejabat Polis Daerah Kuala Muda",
    "address": "Ibu Pejabat Polis Daerah Kuala Muda, Polis Diraja Malaysia, Jalan Sungai Layar",
    "postcode": "08000",
    "city": "Sungai Petani",
    "state": "Kedah"
  },
  {
    "name": "Ibu Pejabat Polis Daerah Kubang Pasu",
    "address": "Ibu Pejabat Polis Daerah Kubang Pasu, Polis Diraja Malaysia, Jalan Changlun",
    "postcode": "06000",
    "city": "Jitra",
    "state": "Kedah"
  },
  {
    "name": "Ibu Pejabat Polis Daerah Kulim",
    "address": "Ibu Pejabat Polis Daerah Kulim, Polis Diraja Malaysia, Jalanraya Kulim",
    "postcode": "09000",
    "city": "Kulim",
    "state": "Kedah"
  },
  {
    "name": "Ibu Pejabat Polis Daerah Langkawi",
    "address": "Ibu Pejabat Polis Daerah Langkawi, Polis Diraja Malaysia, Jalan Air Hangat",
    "postcode": "07000",
    "city": "Langkawi",
    "state": "Kedah"
  },
  {
    "name": "Ibu Pejabat Polis Daerah Padang Terap",
    "address": "Ibu Pejabat Polis Daerah Padang Terap",
    "postcode": "06300",
    "city": "Kuala Nerang",
    "state": "Kedah"
  },
  {
    "name": "Ibu Pejabat Polis Daerah Pendang",
    "address": "Ibu Pejabat Polis Daerah Pendang, Polis Diraja Malaysia, Jln Pekan Pendang",
    "postcode": "06700",
    "city": "Pendang",
    "state": "Kedah"
  },
  {
    "name": "Ibu Pejabat Polis Daerah Sik",
    "address": "Ibu Pejabat Polis Daerah Sik, Polis Diraja Malaysia, Jalan Balai Pekan Sik",
    "postcode": "08200",
    "city": "Sik",
    "state": "Kedah"
  },
  {
    "name": "Ibu Pejabat Polis Daerah Yan",
    "address": "Ibu Pejabat Polis Daerah Yan, Polis Diraja Malaysia",
    "postcode": "06900",
    "city": "Yan",
    "state": "Kedah"
  },
  {
    "name": "Ibu Pejabat Polis Daerah Bachok",
    "address": "Ibupejabat Polis Daerah Bachok, Polis Diraja Malaysia",
    "postcode": "16300",
    "city": "Bachok",
    "state": "Kelantan"
  },
  {
    "name": "Ibu Pejabat Polis Daerah Gua Musang",
    "address": "Ibupejabat Polis Daerah Gua Musang, Polis Diraja Malaysia",
    "postcode": "18300",
    "city": "Gua Musang",
    "state": "Kelantan"
  },
  {
    "name": "Ibu Pejabat Polis Daerah Jeli",
    "address": "Ibupejabat Polis Daerah Jeli, Polis Diraja Malaysia",
    "postcode": "17600",
    "city": "Jeli",
    "state": "Kelantan"
  },
  {
    "name": "Ibu Pejabat Polis Daerah Kota Bahru",
    "address": "Ibupejabat Polis Daerah Kota Bahru, Polis Diraja Malaysia, Jalan Padang Tembak, Pengkalan Chepa",
    "postcode": "16100",
    "city": "Kota Bahru",
    "state": "Kelantan"
  },
  {
    "name": "Ibu Pejabat Polis Daerah Kuala Krai",
    "address": "",
    "postcode": "18000",
    "city": "Kuala Krai",
    "state": "Kelantan"
  },
  {
    "name": "Ibu Pejabat Polis Daerah Machang",
    "address": "Ibupejabat Polis Daerah Machang, Polis Diraja Malaysia",
    "postcode": "18500",
    "city": "Machang",
    "state": "Kelantan"
  },
  {
    "name": "Ibu Pejabat Polis Daerah Pasir Mas",
    "address": "Ibu Pejabat Polis Daerah Pasir Mas, Jalan Pasir Mas-Rantau Panjang",
    "postcode": "17000",
    "city": "Pasir Mas",
    "state": "Kelantan"
  },
  {
    "name": "Ibu Pejabat Polis Daerah Pasir Puteh",
    "address": "",
    "postcode": "16800",
    "city": "Pasir Puteh",
    "state": "Kelantan"
  },
  {
    "name": "Ibu Pejabat Polis Daerah Tanah Merah",
    "address": "Ibupejabat Polis Daerah Tanah Merah, Polis Diraja Malaysia",
    "postcode": "17500",
    "city": "Tanah Merah",
    "state": "Kelantan"
  },
  {
    "name": "Ibu Pejabat Polis Daerah Tumpat",
    "address": "Ibupejabat Polis Daerah Tumpat, Polis Diraja Malaysia",
    "postcode": "16200",
    "city": "Tumpat",
    "state": "Kelantan"
  },
  {
    "name": "Ibu Pejabat Polis Daerah Alor Gajah",
    "address": "Ibu Pejabat Polis Daerah Alor Gajah, Polis Diraja Malaysia",
    "postcode": "78000",
    "city": "Alor Gajah",
    "state": "Melaka"
  },
  {
    "name": "Ibu Pejabat Polis Daerah Jasin",
    "address": "Ibu Pejabat Polis Daerah Jasin, Polis Diraja Malaysia",
    "postcode": "77000",
    "city": "Jasin",
    "state": "Melaka"
  },
  {
    "name": "Ibu Pejabat Polis Daerah Melaka Tengah",
    "address": "Ibu Pejabat Polis Daerah Melaka Tengah, Jalan BBP2, Taman Batu Berendam Putera",
    "postcode": "75350",
    "city": "Batu Berendam",
    "state": "Melaka"
  },
  {
    "name": "Ibu Pejabat Polis Daerah Jelebu",
    "address": "Ibupejabat Polis Daerah, Jelebu, Polis Diraja Malaysia",
    "postcode": "71600",
    "city": "Kuala Klawang",
    "state": "Negeri Sembilan"
  },
  {
    "name": "Ibu Pejabat Polis Daerah Jempol",
    "address": "Ibu Pejabat Polis Daerah Jempol, Polis Diraja Malaysia",
    "postcode": "72120",
    "city": "Bandar Seri jempol",
    "state": "Negeri Sembilan"
  },
  {
    "name": "Ibu Pejabat Polis Daerah Kuala Pilah",
    "address": "Ibupejabat Daerah Polis, Kuala Pilah, Polis Diraja Malaysia, Jalan Bahau",
    "postcode": "72000",
    "city": "Kuala Pilah",
    "state": "Negeri Sembilan"
  },
  {
    "name": "Ibu Pejabat Polis Daerah Nilai",
    "address": "Ibu Pejabat Polis Daerah Nilai, Polis Diraja Malaysia",
    "postcode": "71900",
    "city": "Nilai",
    "state": "Negeri Sembilan"
  },
  {
    "name": "Ibu Pejabat Polis Daerah Port Dickson",
    "address": "IPD Port Dickson, Ibupejabat Polis Daerah, Port Dickson, Polis Diraja Malaysia",
    "postcode": "71000",
    "city": "Port Dickson",
    "state": "Negeri Sembilan"
  },
  {
    "name": "Ibu Pejabat Polis Daerah Rembau",
    "address": "Ibupejabat Polis Daerah, Rembau",
    "postcode": "71300",
    "city": "Rembau",
    "state": "Negeri Sembilan"
  },
  {
    "name": "Ibu Pejabat Polis Daerah Seremban",
    "address": "Ibupejabat Polis Daerah Seremban, Polis Diraja Malaysia",
    "postcode": "70300",
    "city": "Seremban",
    "state": "Negeri Sembilan"
  },
  {
    "name": "Ibu Pejabat Polis Daerah Tampin",
    "address": "Ibupejabat Polis Daerah Tampin, Polis Diraja Malaysia",
    "postcode": "73000",
    "city": "Tampin",
    "state": "Negeri Sembilan"
  },
  {
    "name": "Ibu Pejabat Polis Daerah Bentong",
    "address": "Ibupejabat Polis Daerah Bentong, Jalan Anuar, Polis Diraja Malaysia",
    "postcode": "28700",
    "city": "Bentong",
    "state": "Pahang"
  },
  {
    "name": "Ibu Pejabat Polis Daerah Bera",
    "address": "Ibupejabat Polis Daerah Bera, Polis Diraja Malaysia",
    "postcode": "28300",
    "city": "",
    "state": "Pahang"
  },
  {
    "name": "Ibu Pejabat Polis Daerah Cameron Highland",
    "address": "Ibupejabat Polis Daerah, Cameron Highland Tanah, Rata, Polis Diraja Malaysia",
    "postcode": "39000",
    "city": "",
    "state": "Pahang"
  },
  {
    "name": "Ibu Pejabat Polis Daerah Jerantut",
    "address": "Ibupejabat Polis Daerah Jerantut, Polis Diraja Malaysia",
    "postcode": "27000",
    "city": "Jerantut",
    "state": "Pahang"
  },
  {
    "name": "Ibu Pejabat Polis Daerah Kuala Lipis",
    "address": "Ibupejabat Polis Daerah Lipis, Polis Diraja Malaysia",
    "postcode": "27200",
    "city": "Kuala Lipis",
    "state": "Pahang"
  },
  {
    "name": "Ibu Pejabat Polis Daerah Kuantan",
    "address": "Ibupejabat Polis Daerah Kuantan, Polis Diraja Malaysia, Jalan Mahkota",
    "postcode": "25000",
    "city": "Kuantan",
    "state": "Pahang"
  },
  {
    "name": "Ibu Pejabat Polis Daerah Maran",
    "address": "Ibupejabat Polis Daerah Maran, Polis Diraja Malaysia",
    "postcode": "26500",
    "city": "Maran",
    "state": "Pahang"
  },
  {
    "name": "Ibu Pejabat Polis Daerah Pekan",
    "address": "Ibupejabat Polis Daerah Pekan, Polis Diraja Malaysia",
    "postcode": "26600",
    "city": "Pekan",
    "state": "Pahang"
  },
  {
    "name": "Ibu Pejabat Polis Daerah Raub",
    "address": "Ibupejabat Polis Daerah Raub, Polis Diraja Malaysia",
    "postcode": "27600",
    "city": "Raub",
    "state": "Pahang"
  },
  {
    "name": "Ibu Pejabat Polis Daerah Rompin",
    "address": "Ibupejabat Polis Daerah Rompin, Polis Diraja Malaysia",
    "postcode": "26800",
    "city": "K. Rompin",
    "state": "Pahang"
  },
  {
    "name": "Ibu Pejabat Polis Daerah Temerloh",
    "address": "",
    "postcode": "28000",
    "city": "Temerloh",
    "state": "Pahang"
  },
  {
    "name": "Ibu Pejabat Polis Daerah Batu Gajah",
    "address": "Ibu Pejabat Polis Daerah Batu Gajah",
    "postcode": "31000",
    "city": "Batu Gajah",
    "state": "Perak"
  },
  {
    "name": "Ibu Pejabat Polis Daerah Gerik",
    "address": "Ibu Pejabat Polis Daerah Gerik, Polis Diraja Malaysia, Jalan Sultan Yusof",
    "postcode": "33300",
    "city": "Gerik",
    "state": "Perak"
  },
  {
    "name": "Ibu Pejabat Polis Daerah Hilir Perak",
    "address": "Ibu Pejabat Polis Daerah Hilir Perak, Polis Diraja Malaysia",
    "postcode": "36000",
    "city": "Teluk Intan",
    "state": "Perak"
  },
  {
    "name": "Ibu Pejabat Polis Daerah Ipoh",
    "address": "Ibu Pejabat Polis Daerah Ipoh, Polis Diraja Malaysia, Jalan Panglima Bukit Gantang Wahab",
    "postcode": "30000",
    "city": "Ipoh",
    "state": "Perak"
  },
  {
    "name": "Ibu Pejabat Polis Daerah Kampar",
    "address": "Ibu Pejabat Polis Daerah Kampar, Polis Diraja Malaysia",
    "postcode": "31950",
    "city": "Kampar",
    "state": "Perak"
  },
  {
    "name": "Ibu Pejabat Polis Daerah Kerian",
    "address": "Ibu Pejabat Polis Daerah Kerian, Polis Diraja Malaysia",
    "postcode": "34300",
    "city": "Bagan Serai",
    "state": "Perak"
  },
  {
    "name": "Ibu Pejabat Polis Daerah Kuala Kangsar",
    "address": "Ibu Pejabat Polis Daerah Kuala Kangsar, Polis Diraja Malaysia, Jalan Raja Chulan",
    "postcode": "33000",
    "city": "Kuala Kangsar",
    "state": "Perak"
  },
  {
    "name": "Ibu Pejabat Polis Daerah Manjung",
    "address": "Ibu Pejabat Polis Daerah Manjung, Polis Diraja Malaysia",
    "postcode": "32200",
    "city": "Lumut",
    "state": "Perak"
  },
  {
    "name": "Ibu Pejabat Polis Daerah Marin Kg Ache",
    "address": "Pengkalan Polis Marin Kg Acheh",
    "postcode": "32000",
    "city": "Sitiawan",
    "state": "Perak"
  },
  {
    "name": "Ibu Pejabat Polis Daerah Muallim",
    "address": "Ibu Pejabat Polis Daerah Muallim, Polis Diraja Malaysia",
    "postcode": "35800",
    "city": "Slim River",
    "state": "Perak"
  },
  {
    "name": "Ibu Pejabat Polis Daerah Pengkalan Hulu",
    "address": "Ibu Pejabat Polis Daerah Pengkalan Hulu, Polis Diraja Malaysia",
    "postcode": "33100",
    "city": "Pengkalan Hulu",
    "state": "Perak"
  },
  {
    "name": "Ibu Pejabat Polis Daerah Perak Tengah",
    "address": "Ibu Pejabat Polis Daerah Perak Tengah, Polis Diraja Malaysia",
    "postcode": "32800",
    "city": "Parit",
    "state": "Perak"
  },
  {
    "name": "Ibu Pejabat Polis Daerah Psp Unit, Ipoh",
    "address": "Pasukan Simpanan Persekutuan Unit 5",
    "postcode": "30450",
    "city": "Ipoh",
    "state": "Perak"
  },
  {
    "name": "Ibu Pejabat Polis Daerah Selama",
    "address": "Ibu Pejabat Polis Daerah Selama, Polis Diraja Malaysia",
    "postcode": "34100",
    "city": "Selama",
    "state": "Perak"
  },
  {
    "name": "Ibu Pejabat Polis Daerah Sungai Siput",
    "address": "Ibu Pejabat Polis Daerah Sungai Siput, Polis Diraja Malaysia",
    "postcode": "31100",
    "city": "Sungai Siput Utara",
    "state": "Perak"
  },
  {
    "name": "Ibu Pejabat Polis Daerah Taiping",
    "address": "Ibu Pejabat Polis Daerah Taiping, Polis Diraja Malaysia, Jln Taming Sari",
    "postcode": "34000",
    "city": "Taiping",
    "state": "Perak"
  },
  {
    "name": "Ibu Pejabat Polis Daerah Tapah",
    "address": "Ibu Pejabat Polis Daerah Tapah, Polis Diraja Malaysia",
    "postcode": "35000",
    "city": "Perak",
    "state": "Perak"
  },
  {
    "name": "Ibu Pejabat Polis Daerah Arau",
    "address": "",
    "postcode": "02600",
    "city": "Arau",
    "state": "Perlis"
  },
  {
    "name": "Ibu Pejabat Polis Daerah Kangar",
    "address": "",
    "postcode": "01000",
    "city": "Kangar",
    "state": "Perlis"
  },
  {
    "name": "Ibu Pejabat Polis Daerah Padang Besar",
    "address": "Ibupejabat Polis Daerah, Padang Besar, Polis Diraja Malaysia",
    "postcode": "02100",
    "city": "Padang Besar",
    "state": "Perlis"
  },
  {
    "name": "Ibu Pejabat Polis Daerah Barat Daya",
    "address": "Ibupejabat Polis Daerah Barat Daya, Polis Diraja Malaysia",
    "postcode": "11000",
    "city": "Balik Pulau",
    "state": "Pulau Pinang"
  },
  {
    "name": "Ibu Pejabat Polis Daerah Seberang Perai Selatan",
    "address": "Ibupejabat Polis Daerah, Seberang Perai Selatan, Polis Diraja Malaysia",
    "postcode": "14200",
    "city": "Sungai Jawi",
    "state": "Pulau Pinang"
  },
  {
    "name": "Ibu Pejabat Polis Daerah Seberang Perai Tengah",
    "address": "Ibupejabat Polis Daerah, Seberang Perai Tengah, Polis Diraja Malaysia",
    "postcode": "14000",
    "city": "Bukit Mertajam",
    "state": "Pulau Pinang"
  },
  {
    "name": "Ibu Pejabat Polis Daerah Seberang Perai Utara",
    "address": "Ibupejabat Polis Daerah, Seberang Perai Utara, Polis Diraja Malaysia, Jln. Bertam 1",
    "postcode": "13200",
    "city": "Pulau Pinang",
    "state": "Pulau Pinang"
  },
  {
    "name": "Ibu Pejabat Polis Daerah Timur Laut",
    "address": "Ibupejabat Polis Daerah, Timur Laut, Polis Diraja Malaysia",
    "postcode": "10760",
    "city": "Jln Penang,Timur Laut",
    "state": "Pulau Pinang"
  },
  {
    "name": "Ibu Pejabat Polis Daerah Ampang Jaya",
    "address": "Ibu Pejabat Polis Daerah Ampang, Taman Dagang",
    "postcode": "68000",
    "city": "Ampang",
    "state": "Selangor"
  },
  {
    "name": "Ibu Pejabat Polis Daerah Gombak",
    "address": "Ibupejabat Polis Daerah Gombak, Polis Diraja Malaysia",
    "postcode": "53100",
    "city": "Gombak",
    "state": "Selangor"
  },
  {
    "name": "Ibu Pejabat Polis Daerah Hulu Selangor",
    "address": "Ibupejabat Polis Daerah Hulu Selangor, Polis Diraja Malaysia",
    "postcode": "44000",
    "city": "Kuala Kubu Bahru",
    "state": "Selangor"
  },
  {
    "name": "Ibu Pejabat Polis Daerah Kajang",
    "address": "Ibu Pejabat Polis Daerah Kajang, Polis Diraja Malaysia",
    "postcode": "43000",
    "city": "Kajang",
    "state": "Selangor"
  },
  {
    "name": "Ibu Pejabat Polis Daerah Klang Selatan",
    "address": "Ibupejabat Polis Daerah Klang Selatan, Jln Gedung Raja Abdullah",
    "postcode": "41560",
    "city": "Selangor",
    "state": "Selangor"
  },
  {
    "name": "Ibu Pejabat Polis Daerah Klang Utara",
    "address": "Ibu Pejabat Polis Daerah Klang Utara, Polis Diraja Malaysia, Jalan Harapan, 3A/KU7 Taman Sg Kapar Indah",
    "postcode": "42200",
    "city": "",
    "state": "Selangor"
  },
  {
    "name": "Ibu Pejabat Polis Daerah Kuala Langat",
    "address": "Ibupejabat Polis Daerah Kuala Langat, Jalan Sultan Alam Shah",
    "postcode": "42700",
    "city": "Banting",
    "state": "Selangor"
  },
  {
    "name": "Ibu Pejabat Polis Daerah Kuala Selangor",
    "address": "Ibupejabat Polis Daerah, Kuala Selangor, Polis Diraja Malaysia",
    "postcode": "45000",
    "city": "Kuala",
    "state": "Selangor"
  },
  {
    "name": "Ibu Pejabat Polis Daerah Petaling Jaya",
    "address": "Ibupejabat Polis DaerahPetaling Jaya, Polis Diraja Malaysia, Petaling Jaya, Jalan Pencala",
    "postcode": "46050",
    "city": "",
    "state": "Selangor"
  },
  {
    "name": "Ibu Pejabat Polis Daerah Sabak Bernam",
    "address": "Ibupejabat Polis Daerah, Sabak Bernam",
    "postcode": "45300",
    "city": "Sungai Besar",
    "state": "Selangor"
  },
  {
    "name": "Ibu Pejabat Polis Daerah Sepang",
    "address": "Ibupejabat Polis Daerah Sepang, Polis Diraja Malaysia",
    "postcode": "43900",
    "city": "Sepang",
    "state": "Selangor"
  },
  {
    "name": "Ibu Pejabat Polis Daerah Serdang",
    "address": "Ibu Pejabat Polis Daerah Serdang, Jalan Kinrara 6, Bandar Kinrara 6",
    "postcode": "47180",
    "city": "Puchong",
    "state": "Selangor"
  },
  {
    "name": "Ibu Pejabat Polis Daerah Shah Alam",
    "address": "Ibupejabat Polis Daerah Shah Alam, Persiaran Kayangan, Seksyen 9",
    "postcode": "40100",
    "city": "",
    "state": "Selangor"
  },
  {
    "name": "Ibu Pejabat Polis Daerah Subang Jaya",
    "address": "Ibu Pejabat Polis Daerah Subang Jaya, Balai Polis USJ 8, Persiaran Kewajipan",
    "postcode": "47610",
    "city": "",
    "state": "Selangor"
  },
  {
    "name": "Ibu Pejabat Polis Daerah Sungai Buluh",
    "address": "Ibu Pejabat Polis Daerah Sg Buluh, Polis Diraja Malaysia",
    "postcode": "47000",
    "city": "Sungai Buloh, Selangor",
    "state": "Selangor"
  },
  {
    "name": "Ibu Pejabat Polis Daerah Dungun",
    "address": "Ibupejabat Polis Daerah Dungun, Polis Diraja Malaysia, Jalan Yahya Ahmad",
    "postcode": "23000",
    "city": "Dungun",
    "state": "Terengganu"
  },
  {
    "name": "Ibu Pejabat Polis Daerah Hulu Terrenganu",
    "address": "Ibupejabat Polis Daerah Hulu Terengganu, Polis Diraja Malaysia",
    "postcode": "21700",
    "city": "Kuala Berang",
    "state": "Terengganu"
  },
  {
    "name": "Ibu Pejabat Polis Daerah Kemaman",
    "address": "Ibupejabat Polis Daerah Kemaman, Polis Diraja Malaysia, Jalan Air Putih",
    "postcode": "24000",
    "city": "Kemaman",
    "state": "Terengganu"
  },
  {
    "name": "Ibu Pejabat Polis Daerah Kuala Terengganu",
    "address": "Ibupejabat Polis Daerah Kuala Terengganu, Polis Diraja Malaysia, Jln Sultan Omar",
    "postcode": "20918",
    "city": "Kuala",
    "state": "Terengganu"
  },
  {
    "name": "Ibu Pejabat Polis Daerah Marang",
    "address": "Ibupejabat Polis Daerah Marang, Polis Diraja Malaysia",
    "postcode": "21600",
    "city": "Marang",
    "state": "Terengganu"
  },
  {
    "name": "Ibu Pejabat Polis Daerah Setiu",
    "address": "Ibupejabat Polis Daerah Setiu, Polis Diraja Malaysia, Kg Apek",
    "postcode": "22100",
    "city": "Bandar Permaisuri",
    "state": "Terengganu"
  },
  {
    "name": "Ibu Pejabat Polis Daerah Cheras",
    "address": "Ibu Pejabat Polis Daerah Cheras, Lot 36 Jalan Cheras",
    "postcode": "56100",
    "city": "Kuala Lumpur",
    "state": "Wilayah Persekutuan Kuala Lumpur"
  },
  {
    "name": "Ibu Pejabat Polis Daerah Brickfields",
    "address": "Ibu Pejabat Polis Daerah Brickfields, No. 12, Jalan Travers",
    "postcode": "50480",
    "city": "Kuala Lumpur",
    "state": "Wilayah Persekutuan Kuala Lumpur"
  },
  {
    "name": "Ibu Pejabat Polis Daerah Dang Wangi",
    "address": "Ibu Pejabat Polis Daerah Dang Wangi, Jalan Dang Wangi",
    "postcode": "50100",
    "city": "Kuala Lumpur",
    "state": "Wilayah Persekutuan Kuala Lumpur"
  },
  {
    "name": "Ibu Pejabat Polis Daerah Sentul",
    "address": "Ibu Pejabat Polis Daerah Sentul, Jinjang",
    "postcode": "51200",
    "city": "Kuala Lumpur",
    "state": "Wilayah Persekutuan Kuala Lumpur"
  },
  {
    "name": "Ibu Pejabat Polis Daerah Wangsa Maju",
    "address": "Ibu Pejabat Polis Daerah Wangsa Maju, Polis Diraja Malaysia, Jalan Pudu",
    "postcode": "55100",
    "city": "Kuala Lumpur",
    "state": "Wilayah Persekutuan Kuala Lumpur"
  },
  {
    "name": "Ibu Pejabat Polis Daerah Putrajaya",
    "address": "Ibupejabat Polis Daerah Putrajaya",
    "postcode": "65200",
    "city": "Putrajaya",
    "state": "Wilayah Persekutuan Putrajaya"
  }
]
